<?xml version="1.0" encoding="UTF-8"?><MD_Metadata xmlns:gts="http://www.isotc211.org/2005/gts" xmlns:gco="http://www.isotc211.org/2005/gco" xmlns:xalan="http://xml.apache.org/xalan" xmlns:srv="http://www.isotc211.org/2005/srv" xmlns:gmx="http://www.isotc211.org/2005/gmx" xmlns:xlink="http://www.w3.org/1999/xlink" xmlns:xsi="http://www.w3.org/2001/XMLSchema-instance" xmlns:gml="http://www.opengis.net/gml" xmlns="http://www.isotc211.org/2005/gmd">
    <characterSet>
        <MD_CharacterSetCode codeList="http://www.isotc211.org/2005/resources/Codelist/gmxCodelists.xml#MD_CharacterSetCode" codeListValue="utf8" codeSpace="ISOTC211/19115">utf8</MD_CharacterSetCode>
    </characterSet>
    <hierarchyLevel>
        <MD_ScopeCode codeList="http://www.isotc211.org/2005/resources/Codelist/gmxCodelists.xml#MD_ScopeCode" codeListValue="dataset" codeSpace="ISOTC211/19115">dataset</MD_ScopeCode>
    </hierarchyLevel>
    <hierarchyLevelName>
        <gco:CharacterString>dataset</gco:CharacterString>
    </hierarchyLevelName>
    <contact gco:nilReason="missing"/>
    <dateStamp gco:nilReason="missing"/>
    <metadataStandardName>
        <gco:CharacterString>ISO 19139 Geographic Information - Metadata - Implementation Specification</gco:CharacterString>
    </metadataStandardName>
    <metadataStandardVersion>
        <gco:CharacterString>2007</gco:CharacterString>
    </metadataStandardVersion>
    <identificationInfo>
        <MD_DataIdentification>
            <citation>
                <CI_Citation>
                    <title>
                        <gco:CharacterString>Admin Boundaries - National 250K Map Of Ireland</gco:CharacterString>
                    </title>
                    <date gco:nilReason="missing"/>
                </CI_Citation>
            </citation>
            <abstract>
                <gco:CharacterString>Boundary of an entity controlled by an administrative authority, this entity can be composed of several areas; international boundary and national subdivisions up to the lowest level (municipality level). In sea area boundaries are only portrayed if they are official (legal) boundaries.This dataset is provided by Tailte Éireann – National Mapping Division</gco:CharacterString>
            </abstract>
            <purpose>
                <gco:CharacterString>Admin Boundaries - National 250k Map Of Ireland</gco:CharacterString>
            </purpose>
            <credit>
                <gco:CharacterString>© National Mapping Division of Tailte Éireann</gco:CharacterString>
            </credit>
            <descriptiveKeywords>
                <MD_Keywords>
                    <keyword>
                        <gco:CharacterString>dgigovernment</gco:CharacterString>
                    </keyword>
                    <keyword>
                        <gco:CharacterString>250K Map of Ireland</gco:CharacterString>
                    </keyword>
                </MD_Keywords>
            </descriptiveKeywords>
            <resourceConstraints>
                <MD_Constraints>
                    <useLimitation>
                        <gco:CharacterString>https://creativecommons.org/licenses/by/4.0/ Ordnance Survey Ireland (OSi) content published as open data is licenced under a Creative Commons Attribution 4.0 International (CC BY 4.0) licence, details found at the above link All boundary and topographical data made available as open data by Ordnance Survey Ireland (OSi) that is generalised resulting in reduction and simplification of features which may affect accuracies and should be used for reference purposes only. The result of this process is that boundaries shown may not be in accordance with the Boundary Survey (Ireland) Act(s). All data is used at your own risk and OSi is in no way liable for any errors or inaccuracies in the data made available or for the consequences of any actions taken on the basis of the information provided.</gco:CharacterString>
                    </useLimitation>
                </MD_Constraints>
            </resourceConstraints>
            <language gco:nilReason="missing"/>
            <characterSet>
                <MD_CharacterSetCode codeList="http://www.isotc211.org/2005/resources/Codelist/gmxCodelists.xml#MD_CharacterSetCode" codeListValue="utf8" codeSpace="ISOTC211/19115">utf8</MD_CharacterSetCode>
            </characterSet>
        </MD_DataIdentification>
    </identificationInfo>
</MD_Metadata>
